{
  "project_info": {
    "project_number": "1029009665654",
    "project_id": "hamo-pharmacy",
    "storage_bucket": "hamo-pharmacy.appspot.com"
  },
  "client": [
    {
      "client_info": {
        "mobilesdk_app_id": "1:1029009665654:android:2309165a327d9e3100f957",
        "android_client_info": {
          "package_name": "com.example.hamo_pharmacy"
        }
      },
      "oauth_client": [],
      "api_key": [
        {
          "current_key": "AIzaSyAvg-8tEDEkx5UBe7yBXedP5CGjAGSJwPk"
        }
      ],
      "services": {
        "appinvite_service": {
          "other_platform_oauth_client": []
        }
      }
    }
  ],
  "configuration_version": "1"
}